1,20185225135,Trugain 5%,20,0,0,na,0,1,396.03,450,0,0,,fasle,1,a,Admin,,,,1,1,25,1
2,236794,GLUTarex 500mg,3,0,0,na,0,1,49.9,60,0,0,,fasle,1,a,Admin,,,,1,1,9,1
3,30138021,deslor,24,0,0,na,0,1,3.5,40,0,0,,fasle,1,a,Admin,,,,1,1,47,1
4,32,Minoxil lotion,10,0,0,na,0,1,525,600,0,0,,fasle,1,a,Admin,,,,1,1,46,1
5,3352328,sunmask cream SpF 60,5,0,0,na,0,1,214,250,0,0,,fasle,1,a,Admin,,,,1,1,62,1
6,4787428,Softi Oil Ointment,13,0,0,na,0,1,70,90,0,0,,fasle,1,a,Admin,,,,1,1,61,1
7,7.1318E+11,Nova White Cream,5,0,0,na,0,1,937,1250,0,0,,fasle,1,a,Admin,,,,1,1,34,1
8,900081019,Finale Stretch Mark Cream,5,0,0,na,0,1,1158,1395,0,0,,fasle,1,a,Admin,,,,1,1,10,1
9,1100001,xyril,24,0,0,na,0,1,1.71,2,0,0,,fasle,1,a,Admin,,,,1,1,46,1
10,118248020,VCENT 200mg,24,0,0,na,0,1,113,130,0,0,,fasle,1,a,Admin,,,,1,1,28,1
11,121,Reti cap 10mg,3,0,0,na,0,1,35,40,0,0,,fasle,1,a,Admin,,,,1,1,69,1
12,1235289674,Derma Spray,15,0,0,na,0,1,1276,1450,0,0,,fasle,1,a,Admin,,,,1,1,17,1
13,12365478,Gluthion Cream,5,0,0,na,0,1,1062,1250,0,0,,fasle,1,a,Admin,,,,1,1,51,1
14,12365498,Sernaz Shampoo,16,0,0,na,0,1,723,850,0,0,,fasle,1,a,Admin,,,,1,1,47,1
15,123654987,LEN AZ Lotion,10,0,0,na,0,1,1062,1250,0,0,,fasle,1,a,Admin,,,,1,1,51,1
16,123987456,PMEC cream,5,0,0,na,0,1,840,1000,0,0,,fasle,1,a,Admin,,,,1,1,43,1
17,128,Rozith,24,0,0,na,0,1,31,35,0,0,,fasle,1,a,Admin,,,,1,1,28,1
18,129,Voriderm 200mg,24,0,0,na,0,1,96.8,110,0,0,,fasle,1,a,Admin,,,,1,1,33,1
19,130,lipired,3,0,0,na,0,1,6.18,7,0,0,,fasle,1,a,Admin,,,,1,1,62,1
20,141110,Defeatz Cream,5,0,0,na,0,1,1617,1885,0,0,,fasle,1,a,Admin,,,,1,1,17,1
21,14250003696,Dermobiane,1,0,0,na,0,1,3204,3640,0,0,,fasle,1,a,Admin,,,,1,1,53,1
22,14258796325,itracon 200,24,0,0,na,0,1,24.35,28,0,0,,fasle,1,a,Admin,,,,1,1,43,1
23,148224,xeerolys 10,10,0,0,na,0,1,1600,2000,0,0,,fasle,1,a,Admin,,,,1,1,68,1
24,1504470,Babe500,7,0,0,na,0,1,1470,2000,0,0,,fasle,1,a,Admin,,,,1,1,18,1
25,188356071,Topiclo Spray,20,0,0,na,0,1,175,200,0,0,,fasle,1,a,Admin,,,,1,1,61,1
26,1.8908E+13,Brilante Intense Brighening Serum,15,0,0,na,0,1,1530,1800,0,0,,fasle,1,a,Admin,,,,1,1,10,1
27,1.8908E+13,Solasafe SPF 50+,7,0,0,na,0,1,130,1520,0,0,,fasle,1,a,Admin,,,,1,1,10,1
28,1905579,Apemilast,24,0,0,na,0,1,22,25,0,0,,fasle,1,a,Admin,,,,1,1,47,1
29,200977,Vitamin C,15,0,0,na,0,1,860,990,0,0,,fasle,1,a,Admin,,,,1,1,28,1
30,2014,ABC Derm Hydratnt/ Face and Body Milk,10,0,0,na,0,1,1304.35,1500,0,0,,fasle,1,a,Admin,,,,1,1,7,1
31,2015,ABC Derm Change intensif/ Diaper Rash Treatment Paste,7,0,0,na,0,1,1043.48,1200,0,0,,fasle,1,a,Admin,,,,1,1,7,1
32,2017,ABC Derm Baby Squam,16,0,0,na,0,1,1144,1300,0,0,,fasle,1,a,Admin,,,,1,1,7,1
33,2018222513,Trugain 2%,20,0,0,na,0,1,352,400,0,0,,fasle,1,a,Admin,,,,1,1,73,1
34,2022,Zeepecia Serum,15,0,0,na,0,1,1988,2285,0,0,,fasle,1,a,Admin,,,,1,1,17,1
35,2023,Ana Slow Lotion,10,0,0,na,0,1,2500,2880,0,0,,fasle,1,a,Admin,,,,1,1,17,1
36,2034,UVE BLOCK 50+ Invisible Fluid,5,0,0,na,0,1,1043.48,1200,0,0,,fasle,1,a,Admin,,,,1,1,27,1
37,2038,Ceradean Wash,5,0,0,na,0,1,1600,2000,0,0,,fasle,1,a,Admin,,,,1,1,27,1
38,2041,EDYSTA 5Tablet,24,0,0,na,0,1,15.84,18,0,0,,fasle,1,a,Admin,,,,1,1,69,1
39,2042,EDYSTA 10 Tablet,24,0,0,na,0,1,30.8,35,0,0,,fasle,1,a,Admin,,,,1,1,69,1
40,2043,EDYSTA 20 Tablet,24,0,0,na,0,1,52.8,60,0,0,,fasle,1,a,Admin,,,,1,1,69,1
41,2044,Bactodern Ointment,13,0,0,na,0,1,158.41,180,0,0,,fasle,1,a,Admin,,,,1,1,69,1
42,2045,EUCERA Cream,5,0,0,na,0,1,65.94,75,0,0,,fasle,1,a,Admin,,,,1,1,69,1
43,2046,Reticap 20mg capsule,3,0,0,na,0,1,66.05,75,0,0,,fasle,1,a,Admin,,,,1,1,69,1
44,204667,cical,5,0,0,na,0,1,1408,1600,0,0,,fasle,1,a,Admin,,,,1,1,72,1
45,2047,Soricap Capsule,3,0,0,na,0,1,66,75,0,0,,fasle,1,a,Admin,,,,1,1,69,1
46,2048,Telfin Cream,5,0,0,na,0,1,52.78,60,0,0,,fasle,1,a,Admin,,,,1,1,69,1
47,2049,Telfin Tablet,24,0,0,na,0,1,43.98,50,0,0,,fasle,1,a,Admin,,,,1,1,69,1
48,2050,Vaniflo Cream,5,0,0,na,0,1,1320.09,1500,0,0,,fasle,1,a,Admin,,,,1,1,69,1
49,2052,VITILIMUS 0.03%,13,0,0,na,0,1,398.87,450,0,0,,fasle,1,a,Admin,,,,1,1,69,1
50,2053,VITILIMUS 0.01%,13,0,0,na,0,1,879.7,1000,0,0,,fasle,1,a,Admin,,,,1,1,69,1
51,2054,Xerosoft Ointment,13,0,0,na,0,1,396.03,450,0,0,,fasle,1,a,Admin,,,,1,1,69,1
52,2055,DICALTROL Capsule,3,0,0,na,0,1,8.84,10,0,0,,fasle,1,a,Admin,,,,1,1,19,1
53,2056,ecap 400 capsule,3,0,0,na,0,1,5.32,6.5,0,0,,fasle,1,a,Admin,,,,1,1,19,1
54,2057,Rational Forte Capsule,3,0,0,na,0,1,1.69,1.93,0,0,,fasle,1,a,Admin,,,,1,1,19,1
55,2058,Aprila 10mg,3,0,0,na,0,1,22,25,0,0,,fasle,1,a,Admin,,,,1,1,19,1
56,2059,Dutamax Capsule,3,0,0,na,0,1,10.6,12,0,0,,fasle,1,a,Admin,,,,1,1,19,1
57,2060,Ursolic 300 Tablet,24,0,0,na,0,1,18.17,21,0,0,,fasle,1,a,Admin,,,,1,1,19,1
58,2062,Elpine MT Gel,7,0,0,na,0,1,670,760,0,0,,fasle,1,a,Admin,,,,1,1,21,1
59,2063,Emoist Lotion,10,0,0,na,0,1,670,760,0,0,,fasle,1,a,Admin,,,,1,1,21,1
60,2064,Clopaz Lotion,10,0,0,na,0,1,484,550,0,0,,fasle,1,a,Admin,,,,1,1,21,1
61,2066,Sebo Plus Shampoo,16,0,0,na,0,1,396,495,0,0,,fasle,1,a,Admin,,,,1,1,16,1
62,2067,Aloe Tar Shampoo,16,0,0,na,0,1,460,575,0,0,,fasle,1,a,Admin,,,,1,1,16,1
63,2068,Tablet Trichotin 1mg,24,0,0,na,0,1,14.4,18,0,0,,fasle,1,a,Admin,,,,1,1,16,1
64,2069,Tablet Trichotin 10mg,24,0,0,na,0,1,22,25,0,0,,fasle,1,a,Admin,,,,1,1,16,1
65,2070,Derma Tar Soap,18,0,0,na,0,1,356,445,0,0,,fasle,1,a,Admin,,,,1,1,16,1
66,2071,Derma Shed Soap,18,0,0,na,0,1,276,345,0,0,,fasle,1,a,Admin,,,,1,1,16,1
67,2072,Derma Moitz Soap,18,0,0,na,0,1,316,395,0,0,,fasle,1,a,Admin,,,,1,1,16,1
68,2073,Derma Sun Lotion,10,0,0,na,0,1,456,570,0,0,,fasle,1,a,Admin,,,,1,1,16,1
69,2074,CD Powder,5,0,0,na,0,1,344,480,0,0,,fasle,1,a,Admin,,,,1,1,16,1
70,2075,C-Ket B Shampoo,16,0,0,na,0,1,535,610,0,0,,fasle,1,a,Admin,,,,1,1,12,1
71,2076,Traxamax KN Cream,5,0,0,na,0,1,1200,1360,0,0,,fasle,1,a,Admin,,,,1,1,12,1
72,2078,C-Touch Face wash,12,0,0,na,0,1,610,690,0,0,,fasle,1,a,Admin,,,,1,1,12,1
73,2082,Bilopa Plus,3,0,0,na,0,1,525,750,0,0,,fasle,1,a,Admin,,,,1,1,44,1
74,2083,Alpha- Beta Cleanser,5,0,0,na,0,1,1100,1240,0,0,,fasle,1,a,Admin,,,,1,1,30,1
75,2087,Terbin 250 mg,24,0,0,na,0,1,51.4,60,0,0,,fasle,1,a,Admin,,,,1,1,46,1
76,2088,Ketocon,16,0,0,na,0,1,201,230,0,0,,fasle,1,a,Admin,,,,1,1,46,1
77,2089,Dermex Oint,13,0,0,na,0,1,66,75,0,0,,fasle,1,a,Admin,,,,1,1,46,1
78,2090,Dermoban Ointment 10gm,13,0,0,na,0,1,113.71,130,0,0,,fasle,1,a,Admin,,,,1,1,46,1
79,2091,Fluvate Oint,13,0,0,na,0,1,43,50,0,0,,fasle,1,a,Admin,,,,1,1,46,1
80,2095,Micronil Lotion,10,0,0,na,0,1,1023,1150,0,0,,fasle,1,a,Admin,,,,1,1,42,1
81,2099,Reona Hair Spray,20,0,0,na,0,1,1330,1500,0,0,,fasle,1,a,Admin,,,,1,1,42,1
82,2100,Scalp Care Lotion,10,0,0,na,0,1,800,900,0,0,,fasle,1,a,Admin,,,,1,1,47,1
83,2101,Clindax-B,7,0,0,na,0,1,112.78,150.45,0,0,,fasle,1,a,Admin,,,,1,1,46,1
84,2103,Sealer Cream,5,0,0,na,0,1,607.2,690,0,0,,fasle,1,a,Admin,,,,1,1,22,1
85,2104,GTKIT Shampoo,16,0,0,na,0,1,695,790,0,0,,fasle,1,a,Admin,,,,1,1,22,1
86,2105,Ritch 180mg,24,0,0,na,0,1,8.8,10,0,0,,fasle,1,a,Admin,,,,1,1,1,1
87,2107,Odazyth 500 mg,24,0,0,na,0,1,30.89,35,0,0,,fasle,1,a,Admin,,,,1,1,1,1
88,2108,Artica,24,0,0,na,0,1,1.76,2,0,0,,fasle,1,a,Admin,,,,1,1,1,1
89,2109,Gabarol 50mg,24,0,0,na,0,1,10.56,12,0,0,,fasle,1,a,Admin,,,,1,1,1,1
90,2110,Gabarol 75mg,24,0,0,na,0,1,14,16,0,0,,fasle,1,a,Admin,,,,1,1,1,1
91,2111,Dermasim Solution,19,0,0,na,0,1,60.02,68,0,0,,fasle,1,a,Admin,,,,1,1,1,1
92,2112,Hexitane Cream,5,0,0,na,0,1,79.21,90,0,0,,fasle,1,a,Admin,,,,1,1,1,1
93,2113,Microsone Cream,5,0,0,na,0,1,35.44,40,0,0,,fasle,1,a,Admin,,,,1,1,1,1
94,2114,Sensitelial Emollient Care,5,0,0,na,0,1,12.3,1400,0,0,,fasle,1,a,Admin,,,,1,1,69,1
95,2115,Parotin,24,0,0,na,0,1,5.28,6,0,0,,fasle,1,a,Admin,,,,1,1,1,1
96,2116,Sensitelial Ultra Rich Bar,18,0,0,na,0,1,608,700,0,0,,fasle,1,a,Admin,,,,1,1,69,1
97,2120,VITIX GEL,7,0,0,na,0,1,1566,1800,0,0,,fasle,1,a,Admin,,,,1,1,69,1
98,2121,VITILISOD,24,0,0,na,0,1,43.47,50,0,0,,fasle,1,a,Admin,,,,1,1,69,1
99,2122,NOVOPHANE LOTION,10,0,0,na,0,1,1043.48,1200,0,0,,fasle,1,a,Admin,,,,1,1,69,1
100,2123,NOVOPHAN CAPSULE,3,0,0,na,0,1,21.74,25,0,0,,fasle,1,a,Admin,,,,1,1,69,1
101,2126,Sunspot SPF 50+ Oil Free,13,0,0,na,0,1,1680,2000,0,0,,fasle,1,a,Admin,,,,1,1,63,1
102,2128,Sapo Soap,18,0,0,na,0,1,392.46,490,0,0,,fasle,1,a,Admin,,,,1,1,26,1
103,2130,Drula Complexion Soap,18,0,0,na,0,1,470,540,0,0,,fasle,1,a,Admin,,,,1,1,26,1
104,2132,Minoximax solution,22,0,0,na,0,1,2190,2434,0,0,,fasle,1,a,Admin,,,,1,1,17,1
105,2133,Biotin DS Shampoo,16,0,0,na,0,1,740.8,945,0,0,,fasle,1,a,Admin,,,,1,1,17,1
106,2134,Sunlock Cream,5,0,0,na,0,1,1070,1395,0,0,,fasle,1,a,Admin,,,,1,1,17,1
107,2139,Lactibiane Tolerance,3,0,0,na,0,1,2410,2775,0,0,,fasle,1,a,Admin,,,,1,1,53,1
108,2143,Telfast Tablet 2x,24,0,0,na,0,1,11.44,13,0,0,,fasle,1,a,Admin,,,,1,1,39,1
109,2144,Tablet Sandocal D,24,0,0,na,0,1,7.92,9,0,0,,fasle,1,a,Admin,,,,1,1,74,1
110,2145,Azyth 200,23,0,0,na,0,1,154,175,0,0,,fasle,1,a,Admin,,,,1,1,74,1
111,2146,Azyth 500,24,0,0,na,0,1,48.84,55.5,0,0,,fasle,1,a,Admin,,,,1,1,74,1
112,21478663,GM-60 Face Wash,4,0,0,na,0,1,700,795,0,0,,fasle,1,a,Admin,,,,1,1,47,1
113,2150,Ginko B 120,3,0,0,na,0,1,19.4,22.83,0,0,,fasle,1,a,Admin,,,,1,1,5,1
114,2151,Avene Fluid 50+ Emulution,7,0,0,na,0,1,1566,1800,0,0,,fasle,1,a,Admin,,,,1,1,72,1
115,2153,Trixena Nutrition Lotion,10,0,0,na,0,1,1914,2200,0,0,,fasle,1,a,Admin,,,,1,1,72,1
116,2154,Avene SPF 30 Mat,17,0,0,na,0,1,1260,1450,0,0,,fasle,1,a,Admin,,,,1,1,72,1
117,2159,Vorifast Tablet 200 mg,24,0,0,na,0,1,96.8,110,0,0,,fasle,1,a,Admin,,,,1,1,28,1
118,2160,Slimfast cap 120mg,3,0,0,na,0,1,52.8,60,0,0,,fasle,1,a,Admin,,,,1,1,28,1
119,2161,Gluzigen Nebulizer Spray,20,0,0,na,0,1,1445,1650,0,0,,fasle,1,a,Admin,,,,1,1,60,1
120,2163,Cicatrix Cream,5,0,0,na,0,1,3230,3700,0,0,,fasle,1,a,Admin,,,,1,1,60,1
121,2164,Melanil Cream,5,0,0,na,0,1,1522,1750,0,0,,fasle,1,a,Admin,,,,1,1,60,1
122,2165,Gynepro,5,0,0,na,0,1,21.19,24.08,0,0,,fasle,1,a,Admin,,,,1,1,62,1
123,2166,Oxifil CR,3,0,0,na,0,1,6.19,7.04,0,0,,fasle,1,a,Admin,,,,1,1,62,1
124,2167,Calbo JR,24,0,0,na,0,1,2.65,3.01,0,0,,fasle,1,a,Admin,,,,1,1,62,1
125,2168,Comet 500,24,0,0,na,0,1,1.53,4.02,0,0,,fasle,1,a,Admin,,,,1,1,62,1
126,2169,Cef-3 ds 200,24,0,0,na,0,1,30.8,35,0,0,,fasle,1,a,Admin,,,,1,1,62,1
127,2170,Cef-3 ds 400,24,0,0,na,0,1,44.3,50.35,0,0,,fasle,1,a,Admin,,,,1,1,62,1
128,2171,Tryptin 10,24,0,0,na,0,1,0.75,0.85,0,0,,fasle,1,a,Admin,,,,1,1,62,1
129,2172,Flugal 50,24,0,0,na,0,1,7.1,8,0,0,,fasle,1,a,Admin,,,,1,1,62,1
130,2173,Flugal 150,24,0,0,na,0,1,19.48,22.14,0,0,,fasle,1,a,Admin,,,,1,1,62,1
131,2174,Vprocpm Tablet 200mg,24,0,0,na,0,1,102.9,120,0,0,,fasle,1,a,Admin,,,,1,1,23,1
132,2175,Voricon Syrup,23,0,0,na,0,1,877,1000,0,0,,fasle,1,a,Admin,,,,1,1,23,1
133,2176,Q 10 30mg Capsule,3,0,0,na,0,1,7,8,0,0,,fasle,1,a,Admin,,,,1,1,23,1
134,2177,Q 10 60mg Capsule,3,0,0,na,0,1,13.15,15,0,0,,fasle,1,a,Admin,,,,1,1,23,1
135,2178,Adaclin Gel,7,0,0,na,0,1,335,385,0,0,,fasle,1,a,Admin,,,,1,1,24,1
136,2182,Cutishine Face Wash,4,0,0,na,0,1,576,662,0,0,,fasle,1,a,Admin,,,,1,1,24,1
137,2183,Genove Retinol + Vit - C,1,0,0,na,0,1,1730,1990,0,0,,fasle,1,a,Admin,,,,1,1,24,1
138,2184,Genove Lightening Gel,17,0,0,na,0,1,1485,1725,0,0,,fasle,1,a,Admin,,,,1,1,24,1
139,2186,Kozilite Lotion,17,0,0,na,0,1,680,782,0,0,,fasle,1,a,Admin,,,,1,1,24,1
140,2187,Genove Oil Free Moisturizer,11,0,0,na,0,1,1175,1590,0,0,,fasle,1,a,Admin,,,,1,1,49,1
141,2189,Hydromax,11,0,0,na,0,1,500,575,0,0,,fasle,1,a,Admin,,,,1,1,24,1
142,2191,Conasyd Cream,5,0,0,na,0,1,55.45,63,0,0,,fasle,1,a,Admin,,,,1,1,56,1
143,2192,Deltasone Tablet,24,0,0,na,0,1,2.84,3.23,0,0,,fasle,1,a,Admin,,,,1,1,56,1
144,2193,Doxicap Cap,3,0,0,na,0,1,1.9,2.2,0,0,,fasle,1,a,Admin,,,,1,1,56,1
145,2194,Fenadin FC,24,0,0,na,0,1,8.8,10,0,0,,fasle,1,a,Admin,,,,1,1,56,1
146,2195,Primavera SG,24,0,0,na,0,1,0,12,0,0,,fasle,1,a,Admin,,,,1,1,56,1
147,2196,Fungitac Cream,5,0,0,na,0,1,176.02,200,0,0,,fasle,1,a,Admin,,,,1,1,25,1
148,2198,Dapgel,7,0,0,na,0,1,220.02,250,0,0,,fasle,1,a,Admin,,,,1,1,25,1
149,2199,Dricare ,20,0,0,na,0,1,194.19,220,0,0,,fasle,1,a,Admin,,,,1,1,25,1
150,2200,Iminod,5,0,0,na,0,1,242.02,275,0,0,,fasle,1,a,Admin,,,,1,1,25,1
151,2201,Azithromax 500,24,0,0,na,0,1,30.8,35,0,0,,fasle,1,a,Admin,,,,1,1,25,1
152,2202,Salitic,23,0,0,na,0,1,220,250,0,0,,fasle,1,a,Admin,,,,1,1,25,1
153,2203,Freshhlook,7,0,0,na,0,1,140.81,160,0,0,,fasle,1,a,Admin,,,,1,1,25,1
154,2205,Aprima 30 Tablet,24,0,0,na,0,1,52.8,60,0,0,,fasle,1,a,Admin,,,,1,1,33,1
155,2208,Fenofex 120 Tablet,24,0,0,na,0,1,7.04,8,0,0,,fasle,1,a,Admin,,,,1,1,33,1
156,2210,Kerasol 12% Cream,5,0,0,na,0,1,96.81,110,0,0,,fasle,1,a,Admin,,,,1,1,33,1
157,2211,Kerasol 6% Cream,5,0,0,na,0,1,57.21,65,0,0,,fasle,1,a,Admin,,,,1,1,33,1
158,2212,Lutisone Ointment,13,0,0,na,0,1,44,50,0,0,,fasle,1,a,Admin,,,,1,1,33,1
159,2213,Niclobet Lotion,10,0,0,na,0,1,176.01,200,0,0,,fasle,1,a,Admin,,,,1,1,33,1
160,2214,Nyclobet Scalp,18,0,0,na,0,1,176.02,200,0,0,,fasle,1,a,Admin,,,,1,1,33,1
161,2215,Nyclobate Shampoo,16,0,0,na,0,1,308.02,350,0,0,,fasle,1,a,Admin,,,,1,1,33,1
162,2218,Reconil,24,0,0,na,0,1,10,12,0,0,,fasle,1,a,Admin,,,,1,1,33,1
163,2219,Tazoskin Cream,5,0,0,na,0,1,100,140,0,0,,fasle,1,a,Admin,,,,1,1,33,1
164,2221,Xenogrow 2% Solution ,19,0,0,na,0,1,440.03,500,0,0,,fasle,1,a,Admin,,,,1,1,33,1
165,2222,Xenogrow 5% Solution ,19,0,0,na,0,1,528.02,600,0,0,,fasle,1,a,Admin,,,,1,1,33,1
166,2223,Facid BT Cream,5,0,0,na,0,1,150,170,0,0,,fasle,1,a,Admin,,,,1,1,61,1
167,2224,Feocol ci,3,0,0,na,0,1,2.2,2.5,0,0,,fasle,1,a,Admin,,,,1,1,61,1
168,2225,Feocol TR,3,0,0,na,0,1,2.12,2.41,0,0,,fasle,1,a,Admin,,,,1,1,61,1
169,2227,Losectil 20,3,0,0,na,0,1,4.4,5,0,0,,fasle,1,a,Admin,,,,1,1,61,1
170,2230,Topiclo S 6%,24,0,0,na,0,1,70.4,80,0,0,,fasle,1,a,Admin,,,,1,1,61,1
171,2231,Lulizol Cream,5,0,0,na,0,1,80,100,0,0,,fasle,1,a,Admin,,,,1,1,61,1
172,2232,Lipicon 10,24,0,0,na,0,1,8.8,10,0,0,,fasle,1,a,Admin,,,,1,1,61,1
173,2233,Lipicon 20,24,0,0,na,0,1,15,18,0,0,,fasle,1,a,Admin,,,,1,1,61,1
174,2234,Tojak,224,0,0,na,0,1,40,48,0,0,,fasle,1,a,Admin,,,,1,1,61,1
175,2235,Biltin,24,0,0,na,0,1,10,15,0,0,,fasle,1,a,Admin,,,,1,1,61,1
176,2237,Flucloxin 500,3,0,0,na,0,1,8,10.5,0,0,,fasle,1,a,Admin,,,,1,1,61,1
177,2238,Alben DS,24,0,0,na,0,1,4.5,5,0,0,,fasle,1,a,Admin,,,,1,1,61,1
178,2239,SK-Cef 500,3,0,0,na,0,1,12,15,0,0,,fasle,1,a,Admin,,,,1,1,61,1
179,2240,Duimax 30,24,0,0,na,0,1,12,30,0,0,,fasle,1,a,Admin,,,,1,1,61,1
180,2241,Valenty 20,24,0,0,na,0,1,52.8,60,0,0,,fasle,1,a,Admin,,,,1,1,61,1
181,2242,Xinc 20,24,0,0,na,0,1,2.42,2.75,0,0,,fasle,1,a,Admin,,,,1,1,61,1
182,2243,Valenty 10,24,0,0,na,0,1,12,35,0,0,,fasle,1,a,Admin,,,,1,1,61,1
183,2244,Duimax 60,24,0,0,na,0,1,12,50,0,0,,fasle,1,a,Admin,,,,1,1,61,1
184,2245,Xinc Syrup,24,0,0,na,0,1,12,35,0,0,,fasle,1,a,Admin,,,,1,1,61,1
185,2246,Flucloxin syp,15,0,0,na,0,1,53.68,61,0,0,,fasle,1,a,Admin,,,,1,1,61,1
186,2247,Lumona 4,14,0,0,na,0,1,12,8,0,0,,fasle,1,a,Admin,,,,1,1,3,1
187,2248,Anycin 500,24,0,0,na,0,1,6.74,7.92,0,0,,fasle,1,a,Admin,,,,1,1,3,1
188,2249,Diprasal Lotion,10,0,0,na,0,1,112.44,132,0,0,,fasle,1,a,Admin,,,,1,1,3,1
189,2250,Rupa Tablet,24,0,0,na,0,1,14.99,17,0,0,,fasle,1,a,Admin,,,,1,1,3,1
190,2251,Amycin 120,10,0,0,na,0,1,89.96,105.61,0,0,,fasle,1,a,Admin,,,,1,1,3,1
191,225155023,Odaz 500,24,0,0,na,0,1,34.8,40,0,0,,fasle,1,a,Admin,,,,1,1,69,1
192,2252,Verrukill Gel,7,0,0,na,0,1,1850,2115,0,0,,fasle,1,a,Admin,,,,1,1,45,1
193,2253,Odaban Hand lotion,10,0,0,na,0,1,1599,1950,0,0,,fasle,1,a,Admin,,,,1,1,45,1
194,22530312,Emprila 30g,5,0,0,na,0,1,350,400,0,0,,fasle,1,a,Admin,,,,1,1,69,1
195,2255,Odaban Spray,10,0,0,na,0,1,1282.5,1530,0,0,,fasle,1,a,Admin,,,,1,1,45,1
196,225559071,Xerosoft emollent,13,0,0,na,0,1,158.4,180,0,0,,fasle,1,a,Admin,,,,1,1,69,1
197,2256,Rhafadil Spray,20,0,0,na,0,1,1681,1910,0,0,,fasle,1,a,Admin,,,,1,1,45,1
198,2257,Kustie SPF,21,0,0,na,0,1,328,390,0,0,,fasle,1,a,Admin,,,,1,1,41,1
199,2258,Derma Shampoo,21,0,0,na,0,1,600,695,0,0,,fasle,1,a,Admin,,,,1,1,59,1
200,2264,Kriptonite GA,17,0,0,na,0,1,892.5,1050,0,0,,fasle,1,a,Admin,,,,1,1,38,1
201,2265,Bio Dhea,3,0,0,na,0,1,1560,1800,0,0,,fasle,1,a,Admin,,,,1,1,9,1
202,2266,Un plus Shampoo,16,0,0,na,0,1,470,580,0,0,,fasle,1,a,Admin,,,,1,1,20,1
203,2267,Cap leed 1,3,0,0,na,0,1,37.26,48,0,0,,fasle,1,a,Admin,,,,1,1,20,1
204,2270,Clearin P,3,0,0,na,0,1,40.48,50,0,0,,fasle,1,a,Admin,,,,1,1,48,1
205,2271,Fixal 180,24,0,0,na,0,1,8.58,10,0,0,,fasle,1,a,Admin,,,,1,1,48,1
206,2273,Fexo 120,24,0,0,na,0,1,7.04,8,0,0,,fasle,1,a,Admin,,,,1,1,62,1
207,2283,Virux 200,5,0,0,na,0,1,372.27,423,0,0,,fasle,1,a,Admin,,,,1,1,62,1
208,2284,Virux 400,5,0,0,na,0,1,19.15,22.1,0,0,,fasle,1,a,Admin,,,,1,1,62,1
209,2285,Divon Oint,13,0,0,na,0,1,308.95,351.06,0,0,,fasle,1,a,Admin,,,,1,1,62,1
210,2287,Divon Plus Suspension,22,0,0,na,0,1,485.48,551.65,0,0,,fasle,1,a,Admin,,,,1,1,62,1
211,2291,Rex,24,0,0,na,0,1,2.65,3.01,0,0,,fasle,1,a,Admin,,,,1,1,62,1
212,2292,Zanthin 2,24,0,0,na,0,1,10.56,12,0,0,,fasle,1,a,Admin,,,,1,1,62,1
213,2296,Ezex Cream,5,0,0,na,0,1,66.45,75.51,0,0,,fasle,1,a,Admin,,,,1,1,62,1
214,2297,Ezex Oint,13,0,0,na,0,1,66.45,75.51,0,0,,fasle,1,a,Admin,,,,1,1,62,1
215,2299,Ciprocin 500,24,0,0,na,0,1,13.24,15.05,0,0,,fasle,1,a,Admin,,,,1,1,62,1
216,2300,Alatrol,24,0,0,na,0,1,2.65,3.01,0,0,,fasle,1,a,Admin,,,,1,1,62,1
217,2303,Zimzx 500,24,0,0,na,0,1,556.19,631.98,0,0,,fasle,1,a,Admin,,,,1,1,62,1
218,2304,zimzx 250,24,0,0,na,0,1,264.86,300.96,0,0,,fasle,1,a,Admin,,,,1,1,62,1
219,2305,Viodin Oint,13,0,0,na,0,1,44,50,0,0,,fasle,1,a,Admin,,,,1,1,62,1
220,2306,Bactrocin Oint,13,0,0,na,0,1,123.58,140.42,0,0,,fasle,1,a,Admin,,,,1,1,62,1
221,2307,Roaccutane 20mg,13,0,0,na,0,1,83,91.66,0,0,,fasle,1,a,Admin,,,,1,1,54,1
222,2308,Methotrax 10,24,0,0,na,0,1,12,15,0,0,,fasle,1,a,Admin,,,,1,1,15,1
223,2309,Methotrax 2.5,24,0,0,na,0,1,3,5,0,0,,fasle,1,a,Admin,,,,1,1,15,1
224,2310,Navafil 100,24,0,0,na,0,1,55,60,0,0,,fasle,1,a,Admin,,,,1,1,15,1
225,2311,Scabo 6,24,0,0,na,0,1,3,5,0,0,,fasle,1,a,Admin,,,,1,1,15,1
226,2312,D Rise 20000 IU,24,0,0,na,0,1,17.6,20,0,0,,fasle,1,a,Admin,,,,1,1,6,1
227,2314,Spirocard 100,24,0,0,na,0,1,15.9,18.07,0,0,,fasle,1,a,Admin,,,,1,1,50,1
228,2316,Mometa Cream,24,0,0,na,0,1,159.01,180,0,0,,fasle,1,a,Admin,,,,1,1,50,1
229,2317,Cabergol 0.5 mg,24,0,0,na,0,1,70.33,80,0,0,,fasle,1,a,Admin,,,,1,1,50,1
230,2328,Tab Trichotin 10 Plus,24,0,0,na,0,1,20,25,0,0,,fasle,1,a,Admin,,,,1,1,16,1
231,2332,Vitalasta 4 mg,3,0,0,na,0,1,19.36,22,0,0,,fasle,1,a,Admin,,,,1,1,69,1
232,242262071,Closalic Ointment,13,0,0,na,0,1,129.6,150,0,0,,fasle,1,a,Admin,,,,1,1,73,1
233,242417071,zonyra cream,5,0,0,na,0,1,220,250,0,0,,fasle,1,a,Admin,,,,1,1,73,1
234,242419071,ECZacort cream,5,0,0,na,0,1,175,200,0,0,,fasle,1,a,Admin,,,,1,1,73,1
235,252983,under eye,5,0,0,na,0,1,1957.5,2250,0,0,,fasle,1,a,Admin,,,,1,1,27,1
236,267527071,SUIDERMCREAM,5,0,0,na,0,1,264,300,0,0,,fasle,1,a,Admin,,,,1,1,43,1
237,267544071,Clascon Cream,43,0,0,na,0,1,790,900,0,0,,fasle,1,a,Admin,,,,1,1,43,1
238,2.82779E+11,Avene Xera Calm A.D,20,0,0,na,0,1,2600,2950,0,0,,fasle,1,a,Admin,,,,1,1,72,1
239,3001,Ethiglo Spray,5,0,0,na,0,1,2200,2530,0,0,,fasle,1,a,Admin,,,,1,1,50,1
240,3002,a2lite,7,0,0,na,0,1,1140,1325,0,0,,fasle,1,a,Admin,,,,1,1,50,1
241,3004,Avene Gel,16,0,0,na,0,1,1420,1600,0,0,,fasle,1,a,Admin,,,,1,1,72,1
242,3005,Babe Anti Hair Loss Shampoo,10,0,0,na,0,1,1565,1800,0,0,,fasle,1,a,Admin,,,,1,1,18,1
243,3006,Babe 10% Urea Lotion,24,0,0,na,0,1,2000,2300,0,0,,fasle,1,a,Admin,,,,1,1,18,1
244,3007,ac norn active wash,10,0,0,na,0,1,1572.5,1850,0,0,,fasle,1,a,Admin,,,,1,1,14,1
245,3008,ac norn total control,4,0,0,na,0,1,1691.5,1990,0,0,,fasle,1,a,Admin,,,,1,1,14,1
246,3010,glutathione body lotion,10,0,0,na,0,1,1050,1208,0,0,,fasle,1,a,Admin,,,,1,1,50,1
247,3012,polytar liquid,16,0,0,na,0,1,660,750,0,0,,fasle,1,a,Admin,,,,1,1,65,1
248,3015,nizoder 2%,16,0,0,na,0,1,201,230,0,0,,fasle,1,a,Admin,,,,1,1,69,1
249,3016,floxia moisturizing gel,7,0,0,na,0,1,1600,1800,0,0,,fasle,1,a,Admin,,,,1,1,8,1
250,3017,floxia spf 50,7,0,0,na,0,1,1235,1460,0,0,,fasle,1,a,Admin,,,,1,1,8,1
251,3019,v acto sperm,3,0,0,na,0,1,40,50,0,0,,fasle,1,a,Admin,,,,1,1,31,1
252,3020,Tranacix,5,0,0,na,0,1,1533,2190,0,0,,fasle,1,a,Admin,,,,1,1,57,1
253,3021,veinco gel,7,0,0,na,0,1,1512,1890,0,0,,fasle,1,a,Admin,,,,1,1,11,1
254,3023,Androbain,5,0,0,na,0,1,3588,4514,0,0,,fasle,1,a,Admin,,,,1,1,53,1
255,3024,Minocin tab,24,0,0,na,0,1,21.75,25,0,0,,fasle,1,a,Admin,,,,1,1,69,1
256,3025,canvo tab,24,0,0,na,0,1,105,120,0,0,,fasle,1,a,Admin,,,,1,1,4,1
257,3026,self care gel,7,0,0,na,0,1,722.5,850,0,0,,fasle,1,a,Admin,,,,1,1,14,1
258,3027,eye balm,2,0,0,na,0,1,1218,1400,0,0,,fasle,1,a,Admin,,,,1,1,14,1
259,3.0315E+12,Unitone 4 white advanced serum,15,0,0,na,0,1,1600,2000,0,0,,fasle,1,a,Admin,,,,1,1,27,1
260,3032,Retinol night cream,5,0,0,na,0,1,2400,2760,0,0,,fasle,1,a,Admin,,,,1,1,50,1
261,3033,Retinol cream cleanser,4,0,0,na,0,1,1500,1725,0,0,,fasle,1,a,Admin,,,,1,1,50,1
262,3034,Retinol day cream,5,0,0,na,0,1,2400,2760,0,0,,fasle,1,a,Admin,,,,1,1,50,1
263,3035,Retinol eye gel,7,0,0,na,0,1,1340,1500,0,0,,fasle,1,a,Admin,,,,1,1,50,1
264,3036,Retinol gel cleanser,4,0,0,na,0,1,1500,1725,0,0,,fasle,1,a,Admin,,,,1,1,50,1
265,3037,Derma anti dandruf shampoo,16,0,0,na,0,1,600,695,0,0,,fasle,1,a,Admin,,,,1,1,59,1
266,3038,acne wash,18,0,0,na,0,1,380,450,0,0,,fasle,1,a,Admin,,,,1,1,8,1
267,3040,revital 32,3,0,0,na,0,1,250.8,285,0,0,,fasle,1,a,Admin,,,,1,1,1,1
268,3041,mpm cpi,13,0,0,na,0,1,1750,2000,0,0,,fasle,1,a,Admin,,,,1,1,35,1
269,3043,avene mat,7,0,0,na,0,1,1087,1250,0,0,,fasle,1,a,Admin,,,,1,1,72,1
270,3046,teen derm hydra,5,0,0,na,0,1,1120,1400,0,0,,fasle,1,a,Admin,,,,1,1,27,1
271,3049,halotaz lotion,10,0,0,na,0,1,528,600,0,0,,fasle,1,a,Admin,,,,1,1,2,1
272,3050,bet a 0.50,24,0,0,na,0,1,0.61,0.7,0,0,,fasle,1,a,Admin,,,,1,1,2,1
273,3051,avene physiolift nuit night,5,0,0,na,0,1,4350,4950,0,0,,fasle,1,a,Admin,,,,1,1,72,1
274,3052,frabex 500,3,0,0,na,0,1,17.4,20,0,0,,fasle,1,a,Admin,,,,1,1,62,1
275,3053,zanthin 4,3,0,0,na,0,1,19.15,22,0,0,,fasle,1,a,Admin,,,,1,1,62,1
276,3056,erectttomax,3,0,0,na,0,1,26.4,30,0,0,,fasle,1,a,Admin,,,,1,1,37,1
277,3057,giloba 120,24,0,0,na,0,1,13.06,15,0,0,,fasle,1,a,Admin,,,,1,1,62,1
278,3058,biomark,5,0,0,na,0,1,594,6675,0,0,,fasle,1,a,Admin,,,,1,1,66,1
279,3059,hyfac,5,0,0,na,0,1,2200,2500,0,0,,fasle,1,a,Admin,,,,1,1,67,1
280,3060,acnemad a ,5,0,0,na,0,1,691,785,0,0,,fasle,1,a,Admin,,,,1,1,40,1
281,3062,paner,24,0,0,na,0,1,1584,1800,0,0,,fasle,1,a,Admin,,,,1,1,52,1
282,3067,remus 3%,5,0,0,na,0,1,132,150,0,0,,fasle,1,a,Admin,,,,1,1,62,1
283,321589647,xpos,24,0,0,na,0,1,175,200,0,0,,fasle,1,a,Admin,,,,1,1,62,1
284,323591064,cap Tret 20mg,3,0,0,na,0,1,40,55,0,0,,fasle,1,a,Admin,,,,1,1,51,1
285,325356,apemilast 30mg,24,0,0,na,0,1,0,60,0,0,,fasle,1,a,Admin,,,,1,1,28,1
286,3258963,elidel cream,5,0,0,na,0,1,1250,1406,0,0,,fasle,1,a,Admin,,,,1,1,28,1
287,3.28277E+12,saligo fach wash,4,0,0,na,0,1,783,900,0,0,,fasle,1,a,Admin,,,,1,1,47,1
288,3.28278E+12,triacneal expert,5,0,0,na,0,1,1740,2000,0,0,,fasle,1,a,Admin,,,,1,1,73,1
289,3.2877E+11,eauthermale avene,9,0,0,na,0,1,672,650,0,0,,fasle,1,a,Admin,,,,1,1,72,1
290,33622,avene cleanace 50+,7,0,0,na,0,1,1566,1800,0,0,,fasle,1,a,Admin,,,,1,1,72,1
291,3.40132E+12,alodermal,5,0,0,na,0,1,1722,1980,0,0,,fasle,1,a,Admin,,,,1,1,57,1
292,3.40134E+12,vitiskin hydrogel,7,0,0,na,0,1,1915,2200,0,0,,fasle,1,a,Admin,,,,1,1,27,1
293,3.40135E+12,atoderm preventive atp 2,10,0,0,na,0,1,1760,2000,0,0,,fasle,1,a,Admin,,,,1,1,7,1
294,34013478694,abcderm moussant/ foaming cleanser,10,0,0,na,0,1,1566,1800,0,0,,fasle,1,a,Admin,,,,1,1,7,1
295,3.40135E+12,cicabio lotion CICL,10,0,0,na,0,1,1350,1500,0,0,,fasle,1,a,Admin,,,,1,1,7,1
296,3.40135E+12,Sebium hydra,5,0,0,na,0,1,1566,1800,0,0,,fasle,1,a,Admin,,,,1,1,7,1
297,3.40135E+12,secalia ultra,10,0,0,na,0,1,1043.48,1200,0,0,,fasle,1,a,Admin,,,,1,1,27,1
298,3.40135E+12,photo derm akn mat fluid spf 30 (PHAN3),5,0,0,na,0,1,1480,1700,0,0,,fasle,1,a,Admin,,,,1,1,7,1
299,3.40135E+12,Porp hyral hsp derm,5,0,0,na,0,1,1622.55,1865,0,0,,fasle,1,a,Admin,,,,1,1,53,1
300,3.40136E+12,sebium global,5,0,0,na,0,1,1130.43,1300,0,0,,fasle,1,a,Admin,,,,1,1,7,1
301,3.40136E+12,ruboril expert spf 50+,5,0,0,na,0,1,1120,1400,0,0,,fasle,1,a,Admin,,,,1,1,27,1
302,3.4014E+12,sensibio ds+ cream,5,0,0,na,0,1,1566,1800,0,0,,fasle,1,a,Admin,,,,1,1,7,1
303,3.4014E+13,ato derm intensive soap (ACTB),18,0,0,na,0,1,870,1000,0,0,,fasle,1,a,Admin,,,,1,1,7,1
304,3.40154E+12,Dermobiono Hair and Nails Cap,3,0,0,na,0,1,66.25,76.25,0,0,,fasle,1,a,Admin,,,,1,1,53,1
305,3.40155E+12,lactibiane enfant sachet,14,0,0,na,0,1,2520,2905,0,0,,fasle,1,a,Admin,,,,1,1,53,1
306,3.40156E+12,photo derm max aquafluid spf 50+(phaf),5,0,0,na,0,1,1217.39,1400,0,0,,fasle,1,a,Admin,,,,1,1,7,1
307,3.40156E+12,white objective moussant/cleanser,10,0,0,na,0,1,1217.39,1400,0,0,,fasle,1,a,Admin,,,,1,1,7,1
308,3.40158E+12,abcderm peri oral,5,0,0,na,0,1,1304.35,1800,0,0,,fasle,1,a,Admin,,,,1,1,7,1
309,3.40158E+12,sebium foaming gel SEFG,7,0,0,na,0,1,1566,1800,0,0,,fasle,1,a,Admin,,,,1,1,7,1
310,33412629,Prok,24,0,0,na,0,1,8.69,10,0,0,,fasle,1,a,Admin,,,,1,1,47,1
311,34563210,Oilent lotion,10,0,0,na,0,1,740,850,0,0,,fasle,1,a,Admin,,,,1,1,49,1
312,3456321987,illuminate,5,0,0,na,0,1,3771,4190,0,0,,fasle,1,a,Admin,,,,1,1,11,1
313,3.70028E+12,Topi Crem UR 10 Anti Calluses Foot Cream,5,0,0,na,0,1,2015,2300,0,0,,fasle,1,a,Admin,,,,1,1,26,1
314,3.70028E+12,ToPI Cream Mela Correctrice Day Cream,5,0,0,na,0,1,4265,4900,0,0,,fasle,1,a,Admin,,,,1,1,26,1
315,3.70028E+12,Topi Cream Mela Correctora Night Cream,5,0,0,na,0,1,4265,4900,0,0,,fasle,1,a,Admin,,,,1,1,26,1
316,3.70028E+12,Topi Cream CICA Soothing Cream,5,0,0,na,0,1,1850,2100,0,0,,fasle,1,a,Admin,,,,1,1,26,1
317,3.70028E+12,Topi Cream PV/DS,5,0,0,na,0,1,2200,2500,0,0,,fasle,1,a,Admin,,,,1,1,26,1
318,3.70028E+12,Topicream,7,0,0,na,0,1,1850,2100,0,0,,fasle,1,a,Admin,,,,1,1,26,1
319,3.70028E+12,Topicrem AC Compensating moistrurirzing cream,5,0,0,na,0,1,2000,2300,0,0,,fasle,1,a,Admin,,,,1,1,26,1
320,3.70028E+12,Topi cream activo,5,0,0,na,0,1,2175,2500,0,0,,fasle,1,a,Admin,,,,1,1,26,1
321,3.70028E+12,topicream da emollient oil,7,0,0,na,0,1,250,2500,0,0,,fasle,1,a,Admin,,,,1,1,26,1
322,3.70028E+12,topi cream calm + rich soothing cream,5,0,0,na,0,1,1915,2200,0,0,,fasle,1,a,Admin,,,,1,1,26,1
323,3.70028E+12,topicream body milk,5,0,0,na,0,1,1180,1350,0,0,,fasle,1,a,Admin,,,,1,1,26,1
324,3.70028E+12,Topicream ur 10 crema alisadora antirugosidades,5,0,0,na,0,1,1970,2250,0,0,,fasle,1,a,Admin,,,,1,1,26,1
325,3.70028E+12,Topicrem bar,5,0,0,na,0,1,880,1000,0,0,,fasle,1,a,Admin,,,,1,1,26,1
326,3.70028E+12,Topicrem AH3 global anti aging cream,5,0,0,na,0,1,4870,5600,0,0,,fasle,1,a,Admin,,,,1,1,26,1
327,3.70111E+13,PIGemt Bio Foaming Cream,5,0,0,na,0,1,1565,1800,0,0,,fasle,1,a,Admin,,,,1,1,69,1
328,3.70113E+12,Photo Derm Spot Age 50+,21,0,0,na,0,1,1217.5,1400,0,0,,fasle,1,a,Admin,,,,1,1,7,1
329,3.70113E+12,Sebium actif gel,7,0,0,na,0,1,1740,2000,0,0,,fasle,1,a,Admin,,,,1,1,69,1
330,3.70115E+12,lactibiane topic ad,5,0,0,na,0,1,3200,3720,0,0,,fasle,1,a,Admin,,,,1,1,53,1
331,3.76004E+12,ginkolium lip care,9,0,0,na,0,1,400,460,0,0,,fasle,1,a,Admin,,,,1,1,53,1
332,3.76004E+12,ginkolium head care,5,0,0,na,0,1,840,970,0,0,,fasle,1,a,Admin,,,,1,1,53,1
333,3.76004E+12,ginkolium cream,5,0,0,na,0,1,990,1140,0,0,,fasle,1,a,Admin,,,,1,1,53,1
334,3.76004E+12,ginkolium lotion,10,0,0,na,0,1,1620,1865,0,0,,fasle,1,a,Admin,,,,1,1,53,1
335,3.7601E+12,depi white eye control gel,7,0,0,na,0,1,1043,1200,0,0,,fasle,1,a,Admin,,,,1,1,69,1
336,3.7601E+12,depi white body millk,10,0,0,na,0,1,1305,1500,0,0,,fasle,1,a,Admin,,,,1,1,69,1
337,3.7601E+12,Sebionex,7,0,0,na,0,1,695.65,800,0,0,,fasle,1,a,Admin,,,,1,1,69,1
338,3.7601E+12,Depi White M SPF 50+,5,0,0,na,0,1,1218,1400,0,0,,fasle,1,a,Admin,,,,1,1,69,1
339,3.76027E+12,Metro Ruboril,5,0,0,na,0,1,1120,1400,0,0,,fasle,1,a,Admin,,,,1,1,27,1
340,3.8E+12,Foot Ness rough skin & callus cream,5,0,0,na,0,1,380,437,0,0,,fasle,1,a,Admin,,,,1,1,50,1
341,3.80002E+11,foot ness spray,20,0,0,na,0,1,1220,1400,0,0,,fasle,1,a,Admin,,,,1,1,49,1
342,3.83004E+12,Contrakel 30ml,5,0,0,na,0,1,1000,1980,0,0,,fasle,1,a,Admin,,,,1,1,53,1
343,3.83004E+12,DR Depigment Cream,5,0,0,na,0,1,2000,2300,0,0,,fasle,1,a,Admin,,,,1,1,53,1
344,3.83473E+12,Extra Hair Serum,5,0,0,na,0,1,840,1080,0,0,,fasle,1,a,Admin,,,,1,1,58,1
345,41123214,vitilsi gel,7,0,0,na,0,1,2390,2990,0,0,,fasle,1,a,Admin,,,,1,1,57,1
346,41253685,quasix gel,24,0,0,na,0,1,1323,1890,0,0,,fasle,1,a,Admin,,,,1,1,57,1
347,41885083029,germar 500mg,3,0,0,na,0,1,10.8,24.3,0,0,,fasle,1,a,Admin,,,,1,1,47,1
348,4.23372E+11,genove anti hair loss shampoo,16,0,0,na,0,1,2003,2300,0,0,,fasle,1,a,Admin,,,,1,1,50,1
349,4.23373E+11,genosun post solar,5,0,0,na,0,1,1460,1680,0,0,,fasle,1,a,Admin,,,,1,1,50,1
350,4.26013E+12,eczolan oint,13,0,0,na,0,1,1251,1390,0,0,,fasle,1,a,Admin,,,,1,1,11,1
351,4.26013E+12,ancolan gel,7,0,0,na,0,1,1161,1290,0,0,,fasle,1,a,Admin,,,,1,1,11,1
352,4.26013E+11,atopic derma,5,0,0,na,0,1,1341,1490,0,0,,fasle,1,a,Admin,,,,1,1,11,1
353,4.26013E+12,vitamin c serum,10,0,0,na,0,1,1320,1520,0,0,,fasle,1,a,Admin,,,,1,1,10,1
354,43009169,alo dermal face cream,5,0,0,na,0,1,1265,1580,0,0,,fasle,1,a,Admin,,,,1,1,57,1
355,43009176,aloe dermal hands cream,5,0,0,na,0,1,1264,1580,0,0,,fasle,1,a,Admin,,,,1,1,57,1
356,43010156,rigen forte,3,0,0,na,0,1,49.5,66,0,0,,fasle,1,a,Admin,,,,1,1,57,1
357,43342001375,zalain cream,5,0,0,na,0,1,783,900,0,0,,fasle,1,a,Admin,,,,1,1,72,1
358,4.37001E+11,pediatric emoliente,5,0,0,na,0,1,1392,1600,0,0,,fasle,1,a,Admin,,,,1,1,47,1
359,4.37011E+11,Babe 100,7,0,0,na,0,1,652,750,0,0,,fasle,1,a,Admin,,,,1,1,18,1
360,4.37011E+11,Babe Oil Soap,18,0,0,na,0,1,652,750,0,0,,fasle,1,a,Admin,,,,1,1,18,1
361,456321789,Posanox,24,0,0,na,0,1,172,200,0,0,,fasle,1,a,Admin,,,,1,1,46,1
362,456563214,Genove Fluidbase gel,7,0,0,na,0,1,1500.75,1725,0,0,,fasle,1,a,Admin,,,,1,1,50,1
363,457896321,Block T 500,24,0,0,na,0,1,15.66,18,0,0,,fasle,1,a,Admin,,,,1,1,19,1
364,478482,Noreva,10,0,0,na,0,1,1983.36,2280,0,0,,fasle,1,a,Admin,,,,1,1,72,1
365,5.02538E+11,Odaban Cream,10,0,0,na,0,1,1282.5,1530,0,0,,fasle,1,a,Admin,,,,1,1,45,1
366,5.0603E+12,Silderm Scar Gel,7,0,0,na,0,1,1920,2400,0,0,,fasle,1,a,Admin,,,,1,1,68,1
367,5.06039E+12,Rejuvenate 50ml,5,0,0,na,0,1,3150,3500,0,0,,fasle,1,a,Admin,,,,1,1,11,1
368,5.06039E+12,Iliuminate 50ml,5,0,0,na,0,1,3770,4190,0,0,,fasle,1,a,Admin,,,,1,1,11,1
369,5.06039E+12,Revive Cream,5,0,0,na,0,1,4490,4990,0,0,,fasle,1,a,Admin,,,,1,1,67,1
370,5.20289E+12,volpa derm nails,7,0,0,na,0,1,595,700,0,0,,fasle,1,a,Admin,,,,1,1,14,1
371,5.20289E+12,proflamin cream,5,0,0,na,0,1,1105,1300,0,0,,fasle,1,a,Admin,,,,1,1,14,1
372,5.20289E+12,keratolytic cream,5,0,0,na,0,1,1488,1750,0,0,,fasle,1,a,Admin,,,,1,1,14,1
373,5.20289E+12,cell balance cream,5,0,0,na,0,1,1488,1750,0,0,,fasle,1,a,Admin,,,,1,1,14,1
374,5.2048E+12,zetasin jelly 90 ml,7,0,0,na,0,1,1150,1300,0,0,,fasle,1,a,Admin,,,,1,1,29,1
375,5.2048E+12,Nails Gel,7,0,0,na,0,1,1350,1520,0,0,,fasle,1,a,Admin,,,,1,1,47,1
376,5.2048E+12,Silico Gel (Froika),7,0,0,na,0,1,1300,1465,0,0,,fasle,1,a,Admin,,,,1,1,29,1
377,52777270,Derma Care Soap,18,0,0,na,0,1,415,490,0,0,,fasle,1,a,Admin,,,,1,1,47,1
378,54,ABCDerm Shampoo,16,0,0,na,0,1,1566,1800,0,0,,fasle,1,a,Admin,,,,1,1,7,1
379,5.90012E+12,Oillan emulsion,10,0,0,na,0,1,2130,2450,0,0,,fasle,1,a,Admin,,,,1,1,10,1
380,5.90439E+12,Acne Clarifying Face serum,5,0,0,na,0,1,948.43,1090,0,0,,fasle,1,a,Admin,,,,1,1,28,1
381,5.90567E+12,Supraman,3,0,0,na,0,1,43.5,49,0,0,,fasle,1,a,Admin,,,,1,1,71,1
382,60000005,gen. pilo,16,0,0,na,0,1,2010,2300,0,0,,fasle,1,a,Admin,,,,1,1,49,1
383,6000004,inti 60 ml,4,0,0,na,0,1,457,525,0,0,,fasle,1,a,Admin,,,,1,1,63,1
384,6002,Nails Gel,7,0,0,na,0,1,1125,1275,0,0,,fasle,1,a,Admin,,,,1,1,29,1
385,6005,Azimex 500mg,24,0,0,na,0,1,30.93,35,0,0,,fasle,1,a,Admin,,,,1,1,19,1
386,6006,Tacrolim 0.1%,13,0,0,na,0,1,176.02,200,0,0,,fasle,1,a,Admin,,,,1,1,33,1
387,6008,Fibrino 500mg,3,0,0,na,0,1,13.2,15,0,0,,fasle,1,a,Admin,,,,1,1,61,1
388,6009,Dumax 30mg,24,0,0,na,0,1,26.4,30,0,0,,fasle,1,a,Admin,,,,1,1,61,1
389,6012,Crusaderm Ointment 10gm,13,0,0,na,0,1,432.54,500,0,0,,fasle,1,a,Admin,,,,1,1,33,1
390,6014,D-Rise 40000 IU,3,0,0,na,0,1,30.8,35,0,0,,fasle,1,a,Admin,,,,1,1,6,1
391,6015,D-Rise 2000 IU,24,0,0,na,0,1,2,2.5,0,0,,fasle,1,a,Admin,,,,1,1,6,1
392,6017,Betamesal Scalp Lotion,10,0,0,na,0,1,132,150,0,0,,fasle,1,a,Admin,,,,1,1,33,1
393,6018,Itracon USP 100mg,3,0,0,na,0,1,13.24,15,0,0,,fasle,1,a,Admin,,,,1,1,43,1
394,6021,Topiclo's Ointment,13,0,0,na,0,1,61.6,70,0,0,,fasle,1,a,Admin,,,,1,1,61,1
395,6022,Lorix 30gm Cream,5,0,0,na,0,1,48,55,0,0,,fasle,1,a,Admin,,,,1,1,46,1
396,6023,Valarux 1gm,24,0,0,na,0,1,65.16,75,0,0,,fasle,1,a,Admin,,,,1,1,46,1
397,6025,Astagen 4mg Causule,3,0,0,na,0,1,19.3,22,0,0,,fasle,1,a,Admin,,,,1,1,23,1
398,6029,Voricon Tab 50mg,24,0,0,na,0,1,43,50,0,0,,fasle,1,a,Admin,,,,1,1,23,1
399,6030,Myoderm Sunscreen Gel,21,0,0,na,0,1,870,990,0,0,,fasle,1,a,Admin,,,,1,1,70,1
400,6031,Myoderm Face Wash,4,0,0,na,0,1,870,1000,0,0,,fasle,1,a,Admin,,,,1,1,70,1
401,6035,Anasone  Tablet,24,0,0,na,0,1,205,245,0,0,,fasle,1,a,Admin,,,,1,1,29,1
402,6065,Radiate 50ml,5,0,0,na,0,1,3510,3900,0,0,,fasle,1,a,Admin,,,,1,1,11,1
403,6.09614E+11,Ceramoz Mosquito Repelent,5,0,0,na,0,1,1043.48,1200,0,0,,fasle,1,a,Admin,,,,1,1,27,1
404,6135362,Sebium Pore Refiner Cream,5,0,0,na,0,1,1392,1600,0,0,,fasle,1,a,Admin,,,,1,1,7,1
405,65412398,HSN Formula,3,0,0,na,0,1,800,1000,0,0,,fasle,1,a,Admin,,,,1,1,55,1
406,654123987,T 5 lotion,10,0,0,na,0,1,995,1170,0,0,,fasle,1,a,Admin,,,,1,1,51,1
407,660747,gluta whitening,15,0,0,na,0,1,1460,1680,0,0,,fasle,1,a,Admin,,,,1,1,57,1
408,661591,Gluta Glutathione vitamin c,15,0,0,na,0,1,1470,1650,0,0,,fasle,1,a,Admin,,,,1,1,57,1
409,663106,Gluta C body Lotion,10,0,0,na,0,1,1470,1690,0,0,,fasle,1,a,Admin,,,,1,1,57,1
410,663137,Gluta powder,14,0,0,na,0,1,1374,1580,0,0,,fasle,1,a,Admin,,,,1,1,57,1
411,70018,Alfacort Injection,9,0,0,na,0,1,52.8,60,0,0,,fasle,1,a,Admin,,,,1,1,73,1
412,70020,Neutriderm Body Brightening Body Lotion,10,0,0,na,0,1,2464,2800,0,0,,fasle,1,a,Admin,,,,1,1,63,1
413,70021,Sunny Time Sun block Cream,5,0,0,na,0,1,343.2,390,0,0,,fasle,1,a,Admin,,,,1,1,17,1
414,70025,Eazy Jelly,7,0,0,na,0,1,163,175,0,0,,fasle,1,a,Admin,,,,1,1,47,1
415,7.00282E+11,Topi crem baby my 1st ultra- moisturizing milk,10,0,0,na,0,1,2175,2500,0,0,,fasle,1,a,Admin,,,,1,1,26,1
416,70029,trimazole,7,0,0,na,0,1,59.84,68,0,0,,fasle,1,a,Admin,,,,1,1,47,1
417,70030,nafgal cream 10mg,5,0,0,na,0,1,70.4,80,0,0,,fasle,1,a,Admin,,,,1,1,43,1
418,70032,Lulider Cream 30mg,5,0,0,na,0,1,246.42,280,0,0,,fasle,1,a,Admin,,,,1,1,43,1
419,70035,Refer Stretchmark Remover,5,0,0,na,0,1,750,863,0,0,,fasle,1,a,Admin,,,,1,1,24,1
420,70040,Solaire SPF 50+ Cream,5,0,0,na,0,1,1270,1410,0,0,,fasle,1,a,Admin,,,,1,1,53,1
421,70041,Fusibac h cream,5,0,0,na,0,1,110,125,0,0,,fasle,1,a,Admin,,,,1,1,19,1
422,70043,dumax 60 mg,24,0,0,na,0,1,44,50,0,0,,fasle,1,a,Admin,,,,1,1,61,1
423,70046,US Biotin,24,0,0,na,0,1,530,600,0,0,,fasle,1,a,Admin,,,,1,1,44,1
424,70048,Sunblock SPF 50+,17,0,0,na,0,1,1065,1210,0,0,,fasle,1,a,Admin,,,,1,1,17,1
425,70050,Clinail Nail,5,0,0,na,0,1,440,500,0,0,,fasle,1,a,Admin,,,,1,1,33,1
426,70051,Dancel Shampoo,16,0,0,na,0,1,202.41,230,0,0,,fasle,1,a,Admin,,,,1,1,33,1
427,70052,Azta Cap,3,0,0,na,0,1,19.4,22,0,0,,fasle,1,a,Admin,,,,1,1,33,1
428,70053,Lulider Cream 30mg,5,0,0,na,0,1,88,100,0,0,,fasle,1,a,Admin,,,,1,1,43,1
429,70054,Calgum jr gummy tablet 30S,24,0,0,na,0,1,185,210,0,0,,fasle,1,a,Admin,,,,1,1,66,1
430,70055,Rejoy 7.5,24,0,0,na,0,1,4.87,6.5,0,0,,fasle,1,a,Admin,,,,1,1,66,1
431,70056,E70056 Molent Lotion,10,0,0,na,0,1,187.41,250,0,0,,fasle,1,a,Admin,,,,1,1,62,1
432,70058,Emolent Lotion,10,0,0,na,0,1,187.41,250,0,0,,fasle,1,a,Admin,,,,1,1,62,1
433,70062,Curafin,5,0,0,na,0,1,246.4,280,0,0,,fasle,1,a,Admin,,,,1,1,62,1
434,70105,Clopirox,5,0,0,na,0,1,96.8,110,0,0,,fasle,1,a,Admin,,,,1,1,62,1
435,7.17057E+11,EMUCARE OIL/ GEL,7,0,0,na,0,1,1432,1790,0,0,,fasle,1,a,Admin,,,,1,1,57,1
436,7.17057E+11,EMUCARE Cream,5,0,0,na,0,1,1432,1790,0,0,,fasle,1,a,Admin,,,,1,1,57,1
437,7200010,Anti Ageing Body Cream,5,0,0,na,0,1,1445,1700,0,0,,fasle,1,a,Admin,,,,1,1,14,1
438,72005,Soricap 10mg,3,0,0,na,0,1,34.85,40,0,0,,fasle,1,a,Admin,,,,1,1,69,1
439,72034251,Genove Zinc,18,0,0,na,0,1,2000,2300,0,0,,fasle,1,a,Admin,,,,1,1,24,1
440,730005,Sudoderm,5,0,0,na,0,1,193.66,220,0,0,,fasle,1,a,Admin,,,,1,1,43,1
441,73000dbl,Frezykelf soft cream,5,0,0,na,0,1,1147.5,1350,0,0,,fasle,1,a,Admin,,,,1,1,14,1
442,73070848,remus 0.1/30 gm,13,0,0,na,0,1,815,1000,0,0,,fasle,1,a,Admin,,,,1,1,62,1
443,7500000,anti grey hai tab,24,0,0,na,0,1,62.17,70,0,0,,fasle,1,a,Admin,,,,1,1,30,1
444,750004,gb-60,24,0,0,na,0,1,18.55,21,0,0,,fasle,1,a,Admin,,,,1,1,31,1
445,75124569,Regeneum Hair Serum,15,0,0,na,0,1,1650,1880,0,0,,fasle,1,a,Admin,,,,1,1,9,1
446,751245698,Bioliq Brightening Cream,5,0,0,na,0,1,1200,1370,0,0,,fasle,1,a,Admin,,,,1,1,9,1
447,75284711,Ceradean Cream,24,0,0,na,0,1,960,1200,0,0,,fasle,1,a,Admin,,,,1,1,27,1
448,758123478,Retik,24,0,0,na,0,1,2170,2495,0,0,,fasle,1,a,Admin,,,,1,1,50,1
449,75846921,Pigmentbio Sensitive Areas,24,0,0,na,0,1,2112,2800,0,0,,fasle,1,a,Admin,,,,1,1,69,1
450,75891452,Kozilite H 20g,24,0,0,na,0,1,700,805,0,0,,fasle,1,a,Admin,,,,1,1,50,1
451,75892,Sernaz Cream,24,0,0,na,0,1,638,750,0,0,,fasle,1,a,Admin,,,,1,1,51,1
452,75894,Livitra DS,3,0,0,na,0,1,72.3,85,0,0,,fasle,1,a,Admin,,,,1,1,51,1
453,758945,t5 Lotion,10,0,0,na,0,1,909,1070,0,0,,fasle,1,a,Admin,,,,1,1,51,1
454,76000,neofollics andy grey hair,24,0,0,na,0,1,62.17,70,0,0,,fasle,1,a,Admin,,,,1,1,47,1
455,7.64014E+12,sodermix 30gm,24,0,0,na,0,1,2110,2110,0,0,,fasle,1,a,Admin,,,,1,1,59,1
456,7.64014E+12,quasix gel,7,0,0,na,0,1,1323,1890,0,0,,fasle,1,a,Admin,,,,1,1,57,1
457,7700005,der 60,4,0,0,na,0,1,441,525,0,0,,fasle,1,a,Admin,,,,1,1,63,1
458,771038,epta shampoo,16,0,0,na,0,1,2610,2900,0,0,,fasle,1,a,Admin,,,,1,1,11,1
459,771083,eptaderm spray,20,0,0,na,0,1,2088,2400,0,0,,fasle,1,a,Admin,,,,1,1,11,1
460,7711010019,episiva hair,15,0,0,na,0,1,2001,2300,0,0,,fasle,1,a,Admin,,,,1,1,47,1
461,7711600036,Forscar scar gel,7,0,0,na,0,1,1566,1800,0,0,,fasle,1,a,Admin,,,,1,1,47,1
462,7711700057,Bio Balance Facial Whitening Cream,24,0,0,na,0,1,1566,1800,0,0,,fasle,1,a,Admin,,,,1,1,47,1
463,7711700064,Bio Balance EYE Cream,24,0,0,na,0,1,1218,1400,0,0,,fasle,1,a,Admin,,,,1,1,47,1
464,78523,Lenaz Lotion,10,0,0,na,0,1,638,750,0,0,,fasle,1,a,Admin,,,,1,1,51,1
465,78945612,Curafin 10g,24,0,0,na,0,1,88,100,0,0,,fasle,1,a,Admin,,,,1,1,43,1
466,7952600301,Biotene H 24 Shampoo,16,0,0,na,0,1,1120,1600,0,0,,fasle,1,a,Admin,,,,1,1,47,1
467,7.97776E+11,CERADEAN SOOTHING GEL,7,0,0,na,0,1,1043.48,1200,0,0,,fasle,1,a,Admin,,,,1,1,27,1
468,8.00002E+11,FOOT NESS HEEL CREAM,24,0,0,na,0,1,609,700,0,0,,fasle,1,a,Admin,,,,1,1,49,1
469,800053062,CALDIL PLUS,24,0,0,na,0,1,6.16,7,0,0,,fasle,1,a,Admin,,,,1,1,19,1
470,8.02904E+12,Onails Onix,10,0,0,na,0,1,1320,1500,0,0,,fasle,1,a,Admin,,,,1,1,27,1
471,8.03262E+12,Sebotic Shampoo,16,0,0,na,0,1,1190,1400,0,0,,fasle,1,a,Admin,,,,1,1,64,1
472,8.05177E+12,Semyn 100,24,0,0,na,0,1,1742.66,2440,0,0,,fasle,1,a,Admin,,,,1,1,47,1
473,811115,Noreva,24,0,0,na,0,1,1012,1150,0,0,,fasle,1,a,Admin,,,,1,1,72,1
474,830020,Nutrigrow Shampoo,16,0,0,na,0,1,2175,2500,0,0,,fasle,1,a,Admin,,,,1,1,47,1
475,8.41089E+12,Stark Pollen,24,0,0,na,0,1,30,38.35,0,0,,fasle,1,a,Admin,,,,1,1,66,1
476,T235,Tab Trico 10,24,0,0,na,0,1,36,40.25,0,0,,fasle,1,a,Admin,,,,1,1,47,1
477,VKZQCF,Lipiol Emulsione,24,0,0,na,0,1,1955,2300,0,0,,fasle,1,a,Admin,,,,1,1,64,1
478,663144,GLUTA kojic plus,4,0,0,na,0,1,774,890,0,0,,fasle,1,a,Admin,,,,1,1,57,1
479,66315,GLUTA C VITAMIN C,15,0,0,na,0,1,1460,1680,0,0,,fasle,1,a,Admin,,,,1,1,57,1
480,663649,GLUTA Csoap,18,0,0,na,0,1,774,890,0,0,,fasle,1,a,Admin,,,,1,1,57,1
481,6.80145E+12,LO NG TIME MASAJELI,7,0,0,na,0,1,760,950,0,0,,fasle,1,a,Admin,,,,1,1,47,1
482,6.80145E+11,SANFLORE hair BODY SHAMPOO,16,0,0,na,0,1,1218,1400,0,0,,fasle,1,a,Admin,,,,1,1,46,1
483,689053,PHOTOderm MAX24,9,0,0,na,0,1,1044,1200,0,0,,fasle,1,a,Admin,,,,1,1,69,1
484,6.91443E+12,Micronil Cream,24,0,0,na,0,1,778,875,0,0,,fasle,1,a,Admin,,,,1,1,42,1
485,6.91443E+12,Reju FW,12,0,0,na,0,1,1068,1200,0,0,,fasle,1,a,Admin,,,,1,1,42,1
486,6.92358E+12,Hypo A,24,0,0,na,0,1,1188,1350,0,0,,fasle,1,a,Admin,,,,1,1,42,1
487,6960,03 SALMON FISH OIL,3,0,0,na,0,1,8.8,10,0,0,,fasle,1,a,Admin,,,,1,1,56,1
488,6.97712E+11,ACNEVIT ACNE SERUM,15,0,0,na,0,1,1566,1800,0,0,,fasle,1,a,Admin,,,,1,1,47,1
489,700000,urelia 10,24,0,0,na,0,1,1304.35,1500,0,0,,fasle,1,a,Admin,,,,1,1,27,1
490,7000000,vorinox 2001,24,0,0,na,0,1,95.7,110,0,0,,fasle,1,a,Admin,,,,1,1,46,1
491,70000002,Triderm A.D,24,0,0,na,0,1,1700,2000,0,0,,fasle,1,a,Admin,,,,1,1,47,1
492,70000004,Hy330,10,0,0,na,0,1,1188,1350,0,0,,fasle,1,a,Admin,,,,1,1,42,1
493,70000005,Baume,2,0,0,na,0,1,1330,1575,0,0,,fasle,1,a,Admin,,,,1,1,37,1
494,70000008,Intim aid,4,0,0,na,0,1,957,1100,0,0,,fasle,1,a,Admin,,,,1,1,14,1
495,7000003,Nizax shampoo,16,0,0,na,0,1,446.66,350,0,0,,fasle,1,a,Admin,,,,1,1,8,1
496,7000004,Derma 60ml,12,0,0,na,0,1,441,525,0,0,,fasle,1,a,Admin,,,,1,1,63,1
497,7000005,Gm60 fach wash,12,0,0,na,0,1,787,895,0,0,,fasle,1,a,Admin,,,,1,1,22,1
498,7000006,Tofator 5,24,0,0,na,0,1,30.8,35,0,0,,fasle,1,a,Admin,,,,1,1,62,1
499,7000007,int.60ml,12,0,0,na,0,1,457,525,0,0,,fasle,1,a,Admin,,,,1,1,63,1
500,7000008,T.Virus 400,24,0,0,na,0,1,19.15,22,0,0,,fasle,1,a,Admin,,,,1,1,62,1
501,7000052,aprima 10,24,0,0,na,0,1,22,25,0,0,,fasle,1,a,Admin,,,,1,1,33,1
502,700006,Vorifend 200,24,0,0,na,0,1,104.4,120,0,0,,fasle,1,a,Admin,,,,1,1,69,1
503,700008,deram inti 60,12,0,0,na,0,1,441,525,0,0,,fasle,1,a,Admin,,,,1,1,63,1
504,70001,Imiclara USP 5% Cream,24,0,0,na,0,1,316,360,0,0,,fasle,1,a,Admin,,,,1,1,69,1
505,70002,Provair 10,24,0,0,na,0,1,14.1,16,0,0,,fasle,1,a,Admin,,,,1,1,69,1
506,70003,Provair 5,24,0,0,na,0,1,7.83,9,0,0,,fasle,1,a,Admin,,,,1,1,69,1
507,70004,Provair 4,24,0,0,na,0,1,6.09,7,0,0,,fasle,1,a,Admin,,,,1,1,69,1
508,70005,Emprila,24,0,0,na,0,1,88,100,0,0,,fasle,1,a,Admin,,,,1,1,69,1
509,700052,Giloba 60mg,3,0,0,na,0,1,8.7,10,0,0,,fasle,1,a,Admin,,,,1,1,62,1
510,700053,avene bright,24,0,0,na,0,1,2600,2950,0,0,,fasle,1,a,Admin,,,,1,1,72,1
511,700054,mivocare,3,0,0,na,0,1,51.66,60,0,0,,fasle,1,a,Admin,,,,1,1,59,1
512,700055,REDISHINE WHITENING LIGHTENING,4,0,0,na,0,1,783,900,0,0,,fasle,1,a,Admin,,,,1,1,31,1
513,700056,CAP OREXIS,3,0,0,na,0,1,1150,1300,0,0,,fasle,1,a,Admin,,,,1,1,47,1
514,70008,Dyvon Plus Sclp,3,0,0,na,0,1,484.88,550,0,0,,fasle,1,a,Admin,,,,1,1,62,1
515,70009,Oradin,24,0,0,na,0,1,3.52,4,0,0,,fasle,1,a,Admin,,,,1,1,61,1
516,70010,Gabarol 25 mg,24,0,0,na,0,1,7.04,8,0,0,,fasle,1,a,Admin,,,,1,1,1,1
517,70011,Tacrolim 0.3% Ointment,13,0,0,na,0,1,70.4,80,0,0,,fasle,1,a,Admin,,,,1,1,33,1
518,70012,Econate Plus Cream,24,0,0,na,0,1,42.24,48,0,0,,fasle,1,a,Admin,,,,1,1,33,1
519,70013,Valovir 1gm,24,0,0,na,0,1,66,75,0,0,,fasle,1,a,Admin,,,,1,1,33,1
520,70014,Nafgal Cream,24,0,0,na,0,1,202.4,230,0,0,,fasle,1,a,Admin,,,,1,1,43,1
521,70015,Vorizol 200,24,0,0,na,0,1,103.8,120,0,0,,fasle,1,a,Admin,,,,1,1,19,1
522,70018,Alfacort Injection,24,0,0,na,0,1,52,60,0,0,,fasle,1,a,Admin,,,,1,1,73,1
523,70020,Neutriderm Body Brightening Body Lotion,10,0,0,na,0,1,2464,2800,0,0,,fasle,1,a,Admin,,,,1,1,63,1
524,70021,Sunny Time Sunblock Cream,24,0,0,na,0,1,343.2,390,0,0,,fasle,1,a,Admin,,,,1,1,17,1
525,70025,EAZY Jelly,7,0,0,na,0,1,163,175,0,0,,fasle,1,a,Admin,,,,1,1,47,1
526,7.00282E+11,Topicrem baby my 1st ultra-moisturizing milk,10,0,0,na,0,1,2175,2500,0,0,,fasle,1,a,Admin,,,,1,1,26,1
527,70030,Nafgal Cream 10mg,24,0,0,na,0,1,70.4,80,0,0,,fasle,1,a,Admin,,,,1,1,43,1
528,70035,Refer Stretchmark Remover,5,0,0,na,0,1,246.42,280,0,0,,fasle,1,a,Admin,,,,1,1,24,1
529,70041,Fusibac h cream,24,0,0,na,0,1,1270,1410,0,0,,fasle,1,a,Admin,,,,1,1,19,1
530,70043,Dunax 60 mg,24,0,0,na,0,1,110,125,0,0,,fasle,1,a,Admin,,,,1,1,61,1
531,70046,US BIOTIN,24,0,0,na,0,1,44,50,0,0,,fasle,1,a,Admin,,,,1,1,44,1
532,70050,CLINAIL NAIL,5,0,0,na,0,1,1065,1210,0,0,,fasle,1,a,Admin,,,,1,1,33,1
533,70051,Dancel Shampoo,16,0,0,na,0,1,440,500,0,0,,fasle,1,a,Admin,,,,1,1,33,1
534,70052,Azta Cap,3,0,0,na,0,1,202.41,230,0,0,,fasle,1,a,Admin,,,,1,1,33,1
535,70053,Lulider ,24,0,0,na,0,1,19.4,22,0,0,,fasle,1,a,Admin,,,,1,1,43,1
536,70054,CALGUM JR GUMMY TABLET 30S,24,0,0,na,0,1,88,100,0,0,,fasle,1,a,Admin,,,,1,1,65,1
537,70055,REJOY 7.5,24,0,0,na,0,1,185,210,0,0,,fasle,1,a,Admin,,,,1,1,65,1
538,8.41885E+11,Evonia cap,3,0,0,na,0,1,4.87,6.5,0,0,,fasle,1,a,Admin,,,,1,1,66,1
539,8.42337E+12,PILOPEPTAN WOMAN,7,0,0,na,0,1,1770,19901380,0,0,,fasle,1,a,Admin,,,,1,1,49,1
540,8.42337E+12,Genove 15% AHA Gel Forte,17,0,0,na,0,1,1200,1495,0,0,,fasle,1,a,Admin,,,,1,1,24,1
541,8.42337E+12,Genove Oatmeal Facial Cleanser,4,0,0,na,0,1,1148,1795,0,0,,fasle,1,a,Admin,,,,1,1,24,1
542,8.42337E+12,genove k,5,0,0,na,0,1,1560,1320,0,0,,fasle,1,a,Admin,,,,1,1,47,1
543,8.42337E+12,GENOMASK,14,0,0,na,0,1,1148.4,1280,0,0,,fasle,1,a,Admin,,,,1,1,24,1
544,8.43657E+12,Blretix cream,5,0,0,na,0,1,1090,2225,0,0,,fasle,1,a,Admin,,,,1,1,30,1
545,8.437E+12,BABE oil soap 500ml,18,0,0,na,0,1,1946,2500,0,0,,fasle,1,a,Admin,,,,1,1,18,1
546,8.43701E+12,Babe bath get 100ml,7,0,0,na,0,1,2173,750,0,0,,fasle,1,a,Admin,,,,1,1,18,1
547,8.43701E+12,Babe 10 urea repairing 100 ml,10,0,0,na,0,1,652,750,0,0,,fasle,1,a,Admin,,,,1,1,18,1
548,8.47E+12,Blu Cap Spray,20,0,0,na,0,1,652,2070,0,0,,fasle,1,a,Admin,,,,1,1,36,1
549,8.47E+12,GLIZIGEN Spray,7,0,0,na,0,1,1805,1650,0,0,,fasle,1,a,Admin,,,,1,1,36,1
550,8.47E+12,Blu Cap Shampoo,16,0,0,na,0,1,1452,1475,0,0,,fasle,1,a,Admin,,,,1,1,36,1
551,8.47E+12,Spermotrend,16,0,0,na,0,1,1290,57.44,0,0,,fasle,1,a,Admin,,,,1,1,8,1
552,8.47E+12,MBM LOTION,10,0,0,na,0,1,52,57.44,0,0,,fasle,1,a,Admin,,,,1,1,35,1
553,8.47E+12,Biretix Duo Gel 30 ml,7,0,0,na,0,1,1750,2000,0,0,,fasle,1,a,Admin,,,,1,1,30,1
554,8.47E+12,GLIZIGEN INTIMATE GEL,7,0,0,na,0,1,1450,1630,0,0,,fasle,1,a,Admin,,,,1,1,36,1
555,8.47E+12,Blu Cap Cream,5,0,0,na,0,1,1920,2200,0,0,,fasle,1,a,Admin,,,,1,1,36,1
556,8.60145E+11,TTO HAIR SHAMpoo,16,0,0,na,0,1,2320,2670,0,0,,fasle,1,a,Admin,,,,1,1,32,1
557,864578,Babe Pedaitric Emollient Cream,5,0,0,na,0,1,1218,1400,0,0,,fasle,1,a,Admin,,,,1,1,18,1
558,8.68015E+12,TTO facial cleansing gel,7,0,0,na,0,1,1565,1800,0,0,,fasle,1,a,Admin,,,,1,1,32,1
559,8.68015E+12,TTO SPE+50,10,0,0,na,0,1,1000,1150,0,0,,fasle,1,a,Admin,,,,1,1,32,1
560,8.68015E+12,SANFL ORE,4,0,0,na,0,1,1175,1350,0,0,,fasle,1,a,Admin,,,,1,1,46,1
561,8.71402E+12,Care Plus (deet) Lotion,10,0,0,na,0,1,944,1100,0,0,,fasle,1,a,Admin,,,,1,1,29,1
562,8.71795E+12,Neofollics Tablet,24,0,0,na,0,1,975,1105,0,0,,fasle,1,a,Admin,,,,1,1,30,1
563,8.71795E+12,Neofollics Lotion,10,0,0,na,0,1,35,38.4,0,0,,fasle,1,a,Admin,,,,1,1,30,1
564,8.71795E+12,Neofollics Shampoo,16,0,0,na,0,1,3200,3600,0,0,,fasle,1,a,Admin,,,,1,1,30,1
565,8.85072E+12,Aroma Gel Sugar,7,0,0,na,0,1,2200,2475,0,0,,fasle,1,a,Admin,,,,1,1,58,1
566,8.85072E+12,Lip Treatment,9,0,0,na,0,1,1050,1200,0,0,,fasle,1,a,Admin,,,,1,1,58,1
567,8.85072E+12,Golden Soap,18,0,0,na,0,1,520,590,0,0,,fasle,1,a,Admin,,,,1,1,58,1
568,8.85072E+12,VITAMIN fach serum,5,0,0,na,0,1,519.2,590,0,0,,fasle,1,a,Admin,,,,1,1,58,1
569,8.85072E+12,Hair Nourishing Shampoo,16,0,0,na,0,1,1470,1680,0,0,,fasle,1,a,Admin,,,,1,1,58,1
570,8.85909E+12,Bio hair Serum,15,0,0,na,0,1,1470,1680,0,0,,fasle,1,a,Admin,,,,1,1,28,1
571,8.85918E+12,Hair Best tonic,3,0,0,na,0,1,1680,1890,0,0,,fasle,1,a,Admin,,,,1,1,48,1
572,8.90439E+12,Age reversal face serum,5,0,0,na,0,1,1214.4,1500,0,0,,fasle,1,a,Admin,,,,1,1,27,1
573,8.90604E+12,Ethiglo Face Wash,4,0,0,na,0,1,1295,1490,0,0,,fasle,1,a,Admin,,,,1,1,24,1
574,8.90604E+12,Sefpil,5,0,0,na,0,1,575,662,0,0,,fasle,1,a,Admin,,,,1,1,49,1
575,8.90604E+12,LIPZ moisturiser,5,0,0,na,0,1,700,805,0,0,,fasle,1,a,Admin,,,,1,1,50,1
576,8.90604E+12,Hyalugel Plus,5,0,0,na,0,1,217,230,0,0,,fasle,1,a,Admin,,,,1,1,49,1
577,8.90604E+12,Hydrofil,11,0,0,na,0,1,850,978,0,0,,fasle,1,a,Admin,,,,1,1,24,1
578,8.90606E+12,Clintauch faceWash,12,0,0,na,0,1,800,920,0,0,,fasle,1,a,Admin,,,,1,1,12,1
579,8.90606E+12,Fix Derma Cream,5,0,0,na,0,1,687,790,0,0,,fasle,1,a,Admin,,,,1,1,13,1
580,8.90608E+12,Ketonext ct,16,0,0,na,0,1,750,865,0,0,,fasle,1,a,Admin,,,,1,1,49,1
581,89060831206,Ethiglo Spray,20,0,0,na,0,1,457.6,520,0,0,,fasle,1,a,Admin,,,,1,1,50,1
582,8.90612E+12,ACNEONOMIS Body Spray,20,0,0,na,0,1,1853,2130,0,0,,fasle,1,a,Admin,,,,1,1,27,1
583,8921302,Roaccutane cap,3,0,0,na,0,1,695.65,800,0,0,,fasle,1,a,Admin,,,,1,1,54,1
584,8.94E+12,Methicol,24,0,0,na,0,1,68.05,77.33,0,0,,fasle,1,a,Admin,,,,1,1,62,1
585,8.94E+12,Neuro B,24,0,0,na,0,1,3.54,4,0,0,,fasle,1,a,Admin,,,,1,1,62,1
586,8.94E+12,Oxifunn cream,5,0,0,na,0,1,7.04,8,0,0,,fasle,1,a,Admin,,,,1,1,62,1
587,8.94E+12,Fexo Syrup 50 ml,23,0,0,na,0,1,44.31,50.35,0,0,,fasle,1,a,Admin,,,,1,1,62,1
588,8.94E+12,Dyvon Ointment,13,0,0,na,0,1,42.53,48.33,0,0,,fasle,1,a,Admin,,,,1,1,62,1
589,8.94E+12,Itra,24,0,0,na,0,1,308,351,0,0,,fasle,1,a,Admin,,,,1,1,62,1
590,8.94E+12,Dyvon Plus Ointment,13,0,0,na,0,1,13.28,15,0,0,,fasle,1,a,Admin,,,,1,1,62,1
591,8.94E+12,Retabac,13,0,0,na,0,1,336,380,0,0,,fasle,1,a,Admin,,,,1,1,62,1
592,8.94E+12,VIRUX HC CRM,5,0,0,na,0,1,176.02,200,0,0,,fasle,1,a,Admin,,,,1,1,62,1
593,8.94E+12,am,5,0,0,na,0,1,60,70,0,0,,fasle,1,a,Admin,,,,1,1,62,1
594,8.94E+12,alice Lotion,10,0,0,na,0,1,61.6,70,0,0,,fasle,1,a,Admin,,,,1,1,62,1
595,8.94E+12,Ceevit 250,24,0,0,na,0,1,14.41,130,0,0,,fasle,1,a,Admin,,,,1,1,62,1
596,8.94E+12,Remus,13,0,0,na,0,1,1.66,2,0,0,,fasle,1,a,Admin,,,,1,1,62,1
597,8.94E+12,Halobet Cream,5,0,0,na,0,1,316.8,360,0,0,,fasle,1,a,Admin,,,,1,1,62,1
598,8.94E+12,Halobet Oint,13,0,0,na,0,1,114.41,130,0,0,,fasle,1,a,Admin,,,,1,1,62,1
599,8.94E+12,Clopirox shampoo,16,0,0,na,0,1,114.41,130,0,0,,fasle,1,a,Admin,,,,1,1,62,1
600,8.94E+12,BIOprem 1,3,0,0,na,0,1,308.02,350,0,0,,fasle,1,a,Admin,,,,1,1,62,1
601,8.94E+12,TOCO soft,3,0,0,na,0,1,391.5,450,0,0,,fasle,1,a,Admin,,,,1,1,62,1
602,8.9411E+12,Tamen,24,0,0,na,0,1,1305,15,0,0,,fasle,1,a,Admin,,,,1,1,47,1
603,8.9411E+12,Aristovit-B,24,0,0,na,0,1,0.75,1,0,0,,fasle,1,a,Admin,,,,1,1,6,1
604,8.9411E+12,Recur,24,0,0,na,0,1,32.56,37,0,0,,fasle,1,a,Admin,,,,1,1,6,1
605,8.9411E+12,Fexo 180,24,0,0,na,0,1,3.54,4.02,0,0,,fasle,1,a,Admin,,,,1,1,62,1
606,8.9411E+12,Fexo 60,24,0,0,na,0,1,8.8,10,0,0,,fasle,1,a,Admin,,,,1,1,62,1
607,8.9411E+12,Flugal Syrup,23,0,0,na,0,1,3.09,3.52,0,0,,fasle,1,a,Admin,,,,1,1,62,1
608,8.9411E+12,Folita 5,24,0,0,na,0,1,69.11,78.53,0,0,,fasle,1,a,Admin,,,,1,1,62,1
609,90303,BIOTIN ds shampoo,16,0,0,na,0,1,7.93,9,0,0,,fasle,1,a,Admin,,,,1,1,28,1
610,9.33049E+12,Dermavive Hydra Clanser 120ml,4,0,0,na,0,1,1526,1785,0,0,,fasle,1,a,Admin,,,,1,1,63,1
611,9.33049E+12,Dermavive Intimate Wash,12,0,0,na,0,1,840,1000,0,0,,fasle,1,a,Admin,,,,1,1,63,1
612,9.33049E+12,Neutriderm Oil Regular Lotion 120ml,10,0,0,na,0,1,1008,1200,0,0,,fasle,1,a,Admin,,,,1,1,63,1
613,9.33049E+12,DERMAVIVE INTIMATE 60ML,12,0,0,na,0,1,2100,2500,0,0,,fasle,1,a,Admin,,,,1,1,63,1
614,9.33049E+11,NEUTRIDERM bar,18,0,0,na,0,1,457,525,0,0,,fasle,1,a,Admin,,,,1,1,63,1
615,9.41101E+11,seclo 20mg ,3,0,0,na,0,1,622,715,0,0,,fasle,1,a,Admin,,,,1,1,62,1
616,9.41101E+11,Vori 200,24,0,0,na,0,1,4.5,6,0,0,,fasle,1,a,Admin,,,,1,1,62,1
617,98742563,avene trixera gel,7,0,0,na,0,1,87,100,0,0,,fasle,1,a,Admin,,,,1,1,72,1
618,9874561,PMCE 10G cream,5,0,0,na,0,1,850,990,0,0,,fasle,1,a,Admin,,,,1,1,47,1
619,9945908,ATODERM Cream (ATC),5,0,0,na,0,1,840,1000,0,0,,fasle,1,a,Admin,,,,1,1,7,1
620,ab7050241,secalia 400ml,5,0,0,na,0,1,1740,2000,0,0,,fasle,1,a,Admin,,,,1,1,27,1
621,abc5004,cream mani,5,0,0,na,0,1,1440,1800,0,0,,fasle,1,a,Admin,,,,1,1,57,1
622,abc700052,refu 220ml,12,0,0,na,0,1,1275,1580,0,0,,fasle,1,a,Admin,,,,1,1,42,1
623,abc70054,Cream viso,5,0,0,na,0,1,1200,1350,0,0,,fasle,1,a,Admin,,,,1,1,57,1
624,clin017485,clintouch,4,0,0,na,0,1,1264,1580,0,0,,fasle,1,a,Admin,,,,1,1,12,1
625,gm-2102,Glyderm Soap,18,0,0,na,0,1,687,790,0,0,,fasle,1,a,Admin,,,,1,1,47,1
626,HM027,Hydro Seb Lotion,10,0,0,na,0,1,422,480,0,0,,fasle,1,a,Admin,,,,1,1,47,1
627,kc016,keto-CT Shampoo,16,0,0,na,0,1,1100,1250,0,0,,fasle,1,a,Admin,,,,1,1,47,1
628,life123524163,Novacalamine Lotion,10,0,0,na,0,1,625,1250,0,0,,fasle,1,a,Admin,,,,1,1,34,1
629,lklk12545232232,d vine drop,7,0,0,na,0,1,813.45,935,0,0,,fasle,1,a,Admin,,,,1,1,28,1
630,long 142563,long time massage gel,7,0,0,na,0,1,66,75,0,0,,fasle,1,a,Admin,,,,1,1,32,1
,,Avene Lip Balm SPF 50+3gm,,,,,,,,,,,,,,,,,,,,,,
,,Flugal 150mg,,,,,,,,,,,,,,,,,,,,,,
,,Flugal 50mg,,,,,,,,,,,,,,,,,,,,,,
,,Ursolic-300 mg,,,,,,,,,,,,,,,,,,,,,,
,,Dutamax 0.5mg,,,,,,,,,,,,,,,,,,,,,,
,,Ciprocin 500 mg,,,,,,,,,,,,,,,,,,,,,,
,,Tryptin 10mg,,,,,,,,,,,,,,,,,,,,,,
,,Alatrol 10mg,,,,,,,,,,,,,,,,,,,,,,
,,Virux 400 mg,,,,,,,,,,,,,,,,,,,,,,
,,Cef-3 DS 400mg,,,,,,,,,,,,,,,,,,,,,,
,,Soricap 25mg,,,,,,,,,,,,,,,,,,,,,,
,,Rejoy 15 mg,,,,,,,,,,,,,,,,,,,,,,
,,Lipicon 10mg,,,,,,,,,,,,,,,,,,,,,,
